event_id,event_type
46,noflare
111,noflare
160,flare
161,flare
238,flare
241,flare
261,noflare
269,flare
287,noflare
338,noflare
538,flare
555,noflare
623,flare
642,flare
670,noflare
784,flare
790,flare
837,flare
949,flare
950,flare
953,flare
977,noflare
1032,flare
1041,flare
1128,flare
1135,noflare
1202,flare
1211,flare
1242,noflare
1325,noflare
1377,flare
1387,flare
1411,flare
1465,noflare
1607,noflare
1609,noflare
1650,noflare
1675,flare
1677,flare
1770,flare
1840,flare
1882,flare
1885,flare
1929,flare
2020,flare
2029,noflare
2031,flare
2091,noflare
2164,flare
2176,flare
2217,noflare
2218,noflare
2236,flare
2248,flare
2301,noflare
2417,noflare
2426,noflare
2505,noflare
2536,flare
2564,flare
2575,noflare
2614,flare
2631,flare
2742,noflare
2856,flare
2946,flare
2948,noflare
2951,noflare
2965,flare
2978,noflare
2980,flare
2996,noflare
3022,noflare
3143,noflare
3155,noflare
3159,flare
3175,noflare
3185,flare
3369,flare
3386,flare
3491,noflare
3493,flare
3522,flare
3572,noflare
3618,flare
3840,flare
3855,noflare
4043,flare
4085,noflare
4272,noflare
4279,noflare
4303,noflare
4321,noflare
4358,flare
4378,flare
4386,noflare
4447,flare
4511,flare
4554,flare
4572,noflare
4627,noflare
4639,flare
4777,flare
4840,noflare
4870,noflare
4881,noflare
4895,noflare
5003,noflare
5008,noflare
5013,noflare
5027,noflare
5066,flare
5067,flare
5083,noflare
5157,noflare
5272,noflare
5320,flare
5331,flare
5350,flare
5370,flare
5393,flare
5408,flare
5416,noflare
5584,flare
5588,noflare
5638,flare
5642,flare
5674,flare
5700,flare
5711,noflare
5752,flare
5767,noflare
5793,noflare
5871,flare
5966,noflare
6040,flare
6109,flare
6152,flare
6155,noflare
6298,flare
6334,flare
6419,flare
6481,flare
6515,flare
6528,flare
6551,noflare
6566,noflare
6612,noflare
6624,flare
6640,noflare
6649,noflare
6674,noflare
6707,flare
6790,flare
6795,noflare
6800,noflare
6953,noflare
6957,flare
7015,noflare
7023,flare
7097,flare
7147,flare
7169,flare
7207,noflare
7218,flare
7225,flare
7260,noflare
7292,noflare
7313,noflare
7325,noflare
7414,flare
7432,noflare
7451,flare
7542,noflare
7589,flare
7676,flare
7682,noflare
7685,flare
7690,noflare
7698,noflare
7745,flare
7777,flare
7781,flare
7783,noflare
7816,noflare
7868,noflare
7875,noflare
7885,flare
7902,noflare
7927,noflare
7962,flare
8005,noflare
8024,flare
8030,noflare
8042,noflare
8112,flare
8187,noflare
8235,noflare
8281,noflare
8300,flare
8368,flare
8377,noflare
8412,noflare
8491,noflare
8513,flare
8548,flare
8551,noflare
8714,flare
8745,flare
8806,noflare
8816,noflare
8830,noflare
8872,flare
8942,noflare
8948,flare
8987,flare
9003,flare
9115,noflare
9139,flare
9160,flare
9176,noflare
9178,flare
9214,flare
9216,noflare
9217,flare
9229,noflare
9302,noflare
9381,flare
9459,noflare
9488,noflare
9494,flare
9500,flare
9537,noflare
9564,noflare
9570,noflare
9642,flare
9676,flare
9801,noflare
9818,noflare
9851,flare
9860,flare
9876,noflare
9993,noflare
9998,flare
10011,noflare
10055,flare
10098,noflare
10174,noflare
10212,flare
10231,flare
10287,noflare
10380,noflare
10472,flare
10476,noflare
10515,flare
10524,noflare
10525,flare
10549,noflare
10612,flare
10658,flare
10804,flare
10935,noflare
10952,noflare
11007,flare
11079,flare
11152,flare
11163,flare
11206,noflare
11208,noflare
11219,flare
11225,flare
11229,noflare
11273,noflare
11299,noflare
11441,noflare
11456,noflare
11487,noflare
11559,noflare
11570,noflare
11724,flare
11773,noflare
11823,flare
11911,noflare
11917,noflare
11924,flare
11962,flare
12010,flare
12013,noflare
12044,noflare
12325,noflare
12350,noflare
12363,flare
12394,flare
12406,noflare
12449,flare
12513,flare
12557,flare
12572,flare
12631,noflare
12689,noflare
12700,noflare
12715,flare
12734,noflare
12821,flare
12902,noflare
12926,flare
12932,flare
12963,flare
12971,flare
13003,noflare
13045,noflare
13076,flare
13093,noflare
13146,noflare
13259,noflare
13264,flare
13282,noflare
13380,noflare
13448,flare
13451,noflare
13498,noflare
13499,flare
13521,flare
13539,flare
13544,noflare
13566,noflare
13570,noflare
13652,flare
13668,noflare
13671,flare
13690,flare
13707,noflare
13735,flare
13783,noflare
13828,flare
13834,noflare
13844,noflare
13885,flare
13903,flare
13917,noflare
13933,noflare
14016,flare
14035,flare
14072,flare
14132,flare
14164,noflare
14371,noflare
14469,flare
14476,flare
14482,flare
14538,flare
14577,noflare
14583,noflare
14626,noflare
14638,noflare
14663,noflare
14671,flare
14677,noflare
14730,flare
14734,flare
14763,noflare
14777,flare
14816,flare
14821,noflare
14852,flare
14859,flare
14867,noflare
14880,noflare
14979,noflare
14983,noflare
14984,flare
15010,flare
15029,noflare
15054,flare
15065,noflare
15074,flare
15253,flare
15264,flare
15286,flare
15397,flare
15399,flare
15444,flare
15447,flare
15527,noflare
15639,flare
15679,flare
15819,flare
15881,noflare
15901,noflare
15921,flare
15932,flare
15937,noflare
15956,noflare
15968,noflare
16023,noflare
16089,flare
16229,flare
16256,noflare
16269,flare
16284,flare
16340,noflare
16382,noflare
16431,flare
16445,flare
16461,flare
16531,flare
16544,noflare
16582,flare
16591,noflare
16653,noflare
16743,flare
16771,flare
16783,noflare
16824,noflare
16900,flare
16918,flare
17053,noflare
17065,noflare
17082,noflare
17112,flare
17113,noflare
17194,noflare
17268,flare
17478,flare
17526,flare
17528,flare
17660,noflare
17759,noflare
17858,flare
17875,flare
17978,noflare
17996,noflare
18146,flare
18228,flare
18296,noflare
18308,flare
18312,noflare
18393,flare
18411,noflare
18518,flare
18565,noflare
18580,flare
18581,noflare
18756,flare
18784,noflare
18852,flare
18864,flare
18953,flare
19035,noflare
19037,noflare
19062,flare
19098,noflare
19118,noflare
19133,noflare
19141,flare
19147,noflare
19256,flare
19355,noflare
19362,flare
19383,noflare
19446,flare
19463,flare
19507,noflare
19519,noflare
19521,flare
19568,noflare
19578,noflare
19658,flare
19664,flare
19704,flare
19756,noflare
19821,noflare
19852,noflare
19899,noflare
19944,noflare
19969,flare
19995,noflare
20003,noflare
20012,flare
20020,noflare
20064,flare
20097,noflare
20138,noflare
20275,noflare
20288,flare
20413,flare
20414,noflare
20424,noflare
20489,flare
20506,noflare
20558,noflare
20575,noflare
20637,flare
20681,flare
20752,flare
20762,noflare
20833,flare
20847,flare
20944,noflare
21032,flare
21060,noflare
21087,noflare
21200,flare
21225,noflare
21267,noflare
21476,flare
21535,flare
21538,flare
21548,flare
21586,noflare
21603,noflare
21618,flare
21639,noflare
21670,flare
21705,flare
21784,flare
21803,flare
21816,flare
21837,flare
21882,flare
21921,flare
21929,flare
21939,flare
21949,noflare
21955,flare
21986,flare
22011,noflare
22026,flare
22090,noflare
22191,flare
22202,noflare
22241,flare
22255,flare
22272,noflare
22299,flare
22313,flare
22387,flare
22467,flare
22477,flare
22482,flare
22536,noflare
22555,noflare
22645,noflare
22753,noflare
22775,flare
22805,flare
22811,flare
22832,noflare
22847,noflare
22872,noflare
22901,flare
23000,noflare
23009,noflare
23040,noflare
23046,flare
23110,noflare
23130,noflare
23174,noflare
23220,noflare
23226,noflare
23364,noflare
23436,noflare
23437,noflare
23468,flare
23605,noflare
23629,noflare
23654,flare
23656,noflare
23672,flare
23687,flare
23758,noflare
23778,flare
23838,noflare
23848,flare
23911,noflare
23912,flare
23919,noflare
24164,flare
24212,flare
24225,noflare
24242,noflare
24245,flare
24250,noflare
24251,flare
24256,noflare
24305,noflare
24324,flare
24326,noflare
24431,noflare
24452,flare
24500,noflare
24538,noflare
24606,flare
24669,flare
24695,noflare
24726,flare
24745,flare
24790,noflare
24795,noflare
24810,flare
24902,flare
24923,flare
24931,noflare
24953,noflare
24976,flare
25010,flare
25028,noflare
25105,noflare
25141,flare
25164,flare
25223,flare
25230,noflare
25263,flare
25335,flare
25344,flare
25377,flare
25442,noflare
25496,noflare
25497,flare
25634,flare
25646,flare
25649,noflare
25659,noflare
25687,noflare
25759,noflare
25778,flare
25834,flare
25847,flare
25855,noflare
25920,flare
25968,noflare
26007,flare
26041,flare
26092,noflare
26164,noflare
26175,noflare
26198,flare
26229,noflare
26235,flare
26274,noflare
26331,flare
26488,noflare
26568,flare
26569,noflare
26573,flare
26646,noflare
26688,flare
26720,flare
26721,noflare
26792,flare
26910,flare
26950,noflare
26985,noflare
27069,flare
27085,noflare
27150,flare
27178,flare
27182,flare
27197,flare
27249,noflare
27403,noflare
27445,flare
27476,noflare
27484,flare
27526,flare
27549,noflare
27585,noflare
27659,noflare
27697,noflare
27729,flare
27786,noflare
27818,flare
27821,noflare
27840,noflare
27899,flare
27910,noflare
28020,noflare
28028,flare
28032,noflare
28048,flare
28129,noflare
28177,noflare
28245,flare
28309,noflare
28436,flare
28484,flare
28495,noflare
28499,noflare
28575,noflare
28652,flare
28655,noflare
28694,noflare
28777,flare
28782,flare
28874,noflare
29039,noflare
29093,noflare
29095,noflare
29143,flare
29365,flare
29375,noflare
29379,noflare
29416,flare
29454,noflare
29458,flare
29481,noflare
29529,noflare
29593,flare
29653,noflare
29654,flare
29687,flare
29743,noflare
29782,flare
29817,noflare
29846,flare
29861,noflare
29920,noflare
29936,flare
29945,noflare
29947,noflare
29969,noflare
30035,noflare
30084,noflare
30100,noflare
30132,flare
30133,noflare
30193,noflare
30205,noflare
30227,noflare
30231,noflare
30256,noflare
30257,flare
30294,noflare
30300,noflare
30329,noflare
30374,flare
30375,flare
30377,flare
30473,flare
30536,noflare
30545,noflare
30552,flare
30607,flare
30608,noflare
30610,flare
30663,noflare
30690,flare
30725,noflare
30808,flare
30847,noflare
30859,flare
30877,flare
30916,flare
30945,noflare
30965,flare
31001,noflare
31144,noflare
31175,noflare
31197,noflare
31268,noflare
31295,flare
31364,noflare
31408,noflare
31430,flare
31465,flare
31509,noflare
31537,flare
31550,noflare
31591,flare
31595,noflare
31605,noflare
31616,flare
31678,noflare
31697,flare
31700,flare
31842,flare
31881,noflare
31988,noflare
32012,noflare
32124,flare
32174,noflare
32228,noflare
32357,flare
32415,noflare
32496,noflare
32507,flare
32539,flare
32597,flare
32610,noflare
32629,flare
32653,flare
32786,flare
32859,noflare
32860,noflare
32917,noflare
32952,flare
32954,flare
32955,noflare
32968,noflare
33020,noflare
33031,noflare
33039,noflare
33041,flare
33098,noflare
33118,noflare
33142,noflare
33153,flare
33227,flare
33263,noflare
33265,noflare
33271,flare
33277,flare
33294,noflare
33351,flare
33426,noflare
33436,flare
33446,flare
33521,flare
33537,flare
33676,noflare
33750,flare
33762,noflare
33769,noflare
33814,flare
33827,flare
33865,flare
33901,noflare
33906,noflare
33934,flare
33939,noflare
34067,noflare
34077,noflare
34079,noflare
34109,flare
34121,noflare
34197,noflare
34221,noflare
34251,flare
34265,flare
34288,noflare
34306,flare
34310,noflare
34329,flare
34348,flare
34397,flare
34528,noflare
34532,flare
34547,flare
34550,noflare
34578,noflare
34598,flare
34612,flare
34662,flare
34664,flare
34697,flare
34699,noflare
34705,noflare
34743,flare
34799,flare
34848,noflare
34857,noflare
34953,flare
34977,flare
35023,flare
35040,flare
35085,flare
35094,flare
35110,flare
35153,noflare
35197,noflare
35218,noflare
35242,noflare
35310,flare
35365,noflare
35383,flare
35407,flare
35412,noflare
35470,noflare
35536,noflare
35555,noflare
35563,noflare
35565,noflare
35575,flare
35593,noflare
35636,flare
35743,flare
35772,flare
35814,flare
35844,flare
35864,noflare
35899,noflare
35926,flare
35936,noflare
35959,noflare
35970,flare
35979,flare
35986,flare
36009,flare
36014,flare
36021,noflare
36110,noflare
36175,noflare
36176,noflare
36325,flare
36366,flare
36398,flare
36450,flare
36473,noflare
36483,flare
36538,noflare
36561,flare
36584,noflare
36594,flare
36642,flare
36711,flare
36740,flare
36817,flare
36930,flare
36949,noflare
36960,noflare
36980,noflare
36991,flare
37035,flare
37043,flare
37064,noflare
37076,flare
37122,noflare
37135,noflare
37180,flare
37186,noflare
37283,noflare
37309,flare
37319,flare
37349,flare
37382,flare
37403,noflare
37406,flare
37452,noflare
37496,flare
37507,noflare
37595,noflare
37607,flare
37633,noflare
37759,flare
37764,noflare
37789,noflare
37807,noflare
37810,noflare
37816,noflare
37865,flare
37875,flare
37881,flare
37891,noflare
37913,noflare
37960,noflare
37969,noflare
37978,flare
38065,noflare
38132,flare
38162,noflare
38248,noflare
38251,flare
38300,noflare
38311,flare
38336,noflare
38353,flare
38456,noflare
38465,noflare
38475,noflare
38558,flare
38562,flare
38586,noflare
38631,noflare
38639,noflare
38644,flare
38648,noflare
38660,noflare
38691,flare
38706,noflare
38723,flare
38725,flare
38731,noflare
38803,noflare
38817,noflare
38953,noflare
39033,flare
39037,noflare
39062,flare
39149,flare
39198,flare
39213,flare
39277,noflare
39307,noflare
39313,noflare
39333,flare
39387,noflare
39423,flare
39430,noflare
39459,noflare
39481,noflare
39493,flare
39503,noflare
39591,noflare
39622,noflare
39678,noflare
39734,noflare
39749,noflare
39778,flare
39835,flare
39877,noflare
39917,flare
39930,noflare
39996,noflare
40046,flare
40067,noflare
40202,noflare
40260,flare
40304,noflare
40305,flare
40388,flare
40435,flare
40441,noflare
40446,noflare
40478,flare
40518,noflare
40539,noflare
40602,flare
40614,flare
40628,flare
40717,noflare
40789,flare
40818,flare
40887,flare
40915,flare
40960,noflare
41064,noflare
41101,flare
41134,flare
41149,noflare
41165,flare
41171,noflare
41392,noflare
41422,flare
41426,flare
41467,flare
41512,flare
41527,noflare
41549,flare
41572,noflare
41574,noflare
41580,noflare
41643,noflare
41644,noflare
41710,noflare
41723,noflare
41729,noflare
41750,flare
41826,noflare
41831,noflare
41860,noflare
41880,flare
41943,noflare
41951,noflare
42014,flare
42072,flare
42098,noflare
42115,noflare
42176,flare
42232,noflare
42259,noflare
42292,flare
42297,noflare
42326,noflare
42337,flare
42409,noflare
42452,flare
42459,flare
42507,noflare
42512,flare
42604,noflare
42609,flare
42616,flare
42679,noflare
42708,noflare
42715,flare
42727,flare
42734,noflare
42776,noflare
42786,noflare
42810,flare
42903,noflare
42981,noflare
42988,flare
43004,noflare
43045,noflare
43145,noflare
43263,flare
43309,flare
43310,flare
43357,flare
43415,flare
43430,flare
43447,flare
43448,flare
43502,flare
43514,flare
43531,noflare
43556,flare
43570,noflare
43683,noflare
43689,flare
43714,noflare
43781,noflare
43820,flare
43887,flare
43994,noflare
44011,noflare
44075,flare
44098,noflare
44109,flare
44224,flare
44248,flare
44305,flare
44347,noflare
44357,noflare
44372,flare
44388,noflare
44419,flare
44548,noflare
44562,flare
44619,flare
44655,noflare
44670,flare
44741,noflare
44765,noflare
44791,flare
44805,flare
44807,noflare
44812,flare
44817,noflare
44819,flare
44873,noflare
44884,noflare
44889,noflare
44938,flare
44943,noflare
44987,flare
45016,noflare
45052,flare
45078,flare
45104,noflare
45154,flare
45230,noflare
45241,flare
45272,noflare
45363,noflare
45411,flare
45416,flare
45447,flare
45470,noflare
45484,flare
45508,flare
45594,noflare
45641,flare
45674,flare
45729,noflare
45733,noflare
45740,flare
45752,noflare
45787,flare
45796,flare
45899,flare
45913,flare
46000,flare
46128,flare
46150,flare
46157,flare
46218,noflare
46256,flare
46278,noflare
46333,noflare
46365,noflare
46394,flare
46412,flare
46441,noflare
46490,flare
46530,noflare
46555,noflare
46639,flare
46650,flare
46667,noflare
46686,flare
46795,flare
46826,noflare
46839,flare
46842,noflare
46895,noflare
46922,noflare
47014,flare
47039,flare
47149,flare
47157,flare
47208,noflare
47279,flare
47300,noflare
47356,noflare
47436,flare
47583,noflare
47594,flare
47642,flare
47678,flare
47856,flare
47866,flare
47874,noflare
47897,noflare
47923,flare
47946,noflare
47976,noflare
47977,flare
48039,flare
48064,flare
48068,noflare
48085,flare
48140,noflare
48275,noflare
48279,noflare
48297,noflare
48311,flare
48329,flare
48408,flare
48429,flare
48461,flare
48468,flare
48473,flare
48506,flare
48520,flare
48549,flare
48618,noflare
48629,flare
48666,flare
48712,noflare
48755,noflare
48757,noflare
48776,flare
48827,noflare
48830,flare
48905,flare
48906,flare
48992,noflare
49043,noflare
49058,flare
49118,flare
49222,noflare
49225,noflare
49232,noflare
49252,noflare
49295,noflare
49323,flare
49331,noflare
49398,flare
49401,flare
49405,noflare
49407,flare
49438,noflare
49479,noflare
49487,noflare
49492,noflare
49514,noflare
49517,noflare
49596,noflare
49643,flare
49697,noflare
49704,flare
49763,noflare
49787,noflare
49847,noflare
49854,flare
49956,noflare
49969,noflare
50038,flare
50062,flare
50063,flare
50077,noflare
50086,flare
50170,noflare
50183,noflare
50223,noflare
50280,flare
50297,noflare
50337,noflare
50347,noflare
50365,noflare
50405,flare
50426,noflare
50429,noflare
50439,flare
50502,noflare
50526,flare
50530,noflare
50634,noflare
50661,noflare
50689,flare
50879,flare
50963,noflare
51119,noflare
51139,noflare
51152,flare
51170,flare
51184,noflare
51217,noflare
51241,noflare
51287,flare
51320,noflare
51329,flare
51406,flare
51409,noflare
51417,flare
51467,flare
51523,noflare
51528,noflare
51595,flare
51649,noflare
51654,flare
51720,noflare
51738,noflare
51754,noflare
51783,flare
51844,noflare
51846,noflare
51893,noflare
51928,noflare
51961,noflare
51967,flare
52021,flare
52037,flare
52041,flare
52064,flare
52087,flare
52108,flare
52244,flare
52364,noflare
52422,flare
52447,noflare
52537,noflare
52564,flare
52576,flare
52599,flare
52663,flare
52715,noflare
52750,flare
52759,noflare
52851,flare
52901,noflare
52993,flare
53057,flare
53063,noflare
53156,flare
53164,noflare
53218,noflare
53233,noflare
53261,flare
53263,flare
53275,noflare
53298,flare
53306,flare
53342,flare
53443,noflare
53456,noflare
53544,flare
53610,noflare
53619,flare
53672,flare
53688,noflare
53728,noflare
53736,noflare
53782,noflare
53948,noflare
54092,noflare
54098,noflare
54099,noflare
54178,flare
54211,noflare
54259,flare
54260,flare
54317,noflare
54339,flare
54395,noflare
54400,flare
54412,flare
54415,noflare
54423,flare
54452,noflare
54489,noflare
54591,flare
54740,noflare
54746,flare
54870,flare
54880,flare
54909,noflare
54966,noflare
55043,noflare
55092,flare
55113,noflare
55258,noflare
55259,flare
55275,flare
55373,noflare
55411,noflare
55599,noflare
55609,noflare
55616,flare
55670,noflare
55678,flare
55706,noflare
55818,noflare
55866,flare
55897,noflare
55910,flare
55932,noflare
55955,flare
55982,noflare
56138,noflare
56139,noflare
56177,noflare
56192,flare
56195,noflare
56215,noflare
56275,flare
56310,noflare
56315,noflare
56327,flare
56409,noflare
56422,noflare
56640,flare
56653,noflare
56673,noflare
56801,noflare
56808,flare
56839,noflare
56918,noflare
56975,flare
57045,noflare
57098,noflare
57257,flare
57260,flare
57266,noflare
57305,noflare
57339,flare
57347,noflare
57368,flare
57429,flare
57462,noflare
57587,noflare
57603,noflare
57619,flare
57677,flare
57732,noflare
57734,noflare
57784,noflare
57829,flare
57854,flare
57893,noflare
57916,noflare
57946,flare
57952,noflare
57988,noflare
58011,flare
58092,noflare
58109,noflare
58123,noflare
58207,flare
58229,flare
58263,flare
58312,noflare
58359,noflare
58438,noflare
58494,noflare
58533,noflare
58549,flare
58573,noflare
58596,noflare
58628,flare
58679,noflare
58738,flare
58748,flare
58768,flare
58771,flare
58786,flare
58838,flare
58843,noflare
58849,noflare
58857,flare
58971,noflare
58978,noflare
58985,noflare
59104,noflare
59105,noflare
59207,noflare
59242,noflare
59248,flare
59268,noflare
59277,noflare
59281,flare
59297,noflare
59361,flare
59393,noflare
59415,noflare
59423,flare
59446,flare
59700,flare
59725,noflare
59783,noflare
59799,noflare
59812,flare
59826,noflare
59844,flare
59932,noflare
60029,noflare
60092,noflare
60101,noflare
60132,noflare
60187,flare
60229,flare
60339,noflare
60411,flare
60415,noflare
60422,noflare
60529,flare
60542,noflare
60543,flare
60586,noflare
60607,noflare
60617,flare
60669,noflare
60695,noflare
60766,flare
60783,noflare
60812,flare
60822,flare
60897,noflare
60955,noflare
60964,noflare
61097,noflare
61104,noflare
61116,flare
61160,flare
61192,noflare
61222,flare
61269,noflare
61273,noflare
61327,flare
61329,flare
61350,flare
61371,flare
61393,noflare
61427,flare
61463,flare
61499,noflare
61520,noflare
61578,noflare
61628,flare
61629,flare
61631,noflare
61636,noflare
61671,flare
61727,flare
61742,flare
61762,flare
61825,noflare
61880,noflare
61972,flare
62059,flare
62081,noflare
62270,flare
62314,flare
62337,noflare
62375,flare
62398,flare
62504,noflare
62516,flare
62555,flare
62569,flare
62574,flare
62605,flare
62628,flare
62703,flare
62727,noflare
62763,flare
62784,flare
62874,noflare
62883,flare
62938,noflare
62974,noflare
63054,noflare
63150,noflare
63172,noflare
63226,noflare
63250,noflare
63458,flare
63460,noflare
63553,flare
63566,noflare
63580,flare
63652,flare
63675,flare
63732,noflare
63747,noflare
63772,flare
63801,noflare
63835,flare
63922,flare
63965,flare
63990,noflare
63998,noflare
64022,noflare
64048,flare
64098,flare
64149,noflare
64164,flare
64188,noflare
64192,noflare
64287,noflare
64342,flare
64349,noflare
64388,flare
64408,noflare
64436,noflare
64461,noflare
64470,flare
64490,flare
64600,flare
64677,flare
64679,noflare
64681,flare
64759,flare
64785,flare
64809,flare
64815,flare
64819,noflare
64856,noflare
64896,flare
64960,flare
64977,flare
64978,flare
65003,noflare
65022,noflare
65033,flare
65053,flare
65135,flare
65140,noflare
65169,noflare
65206,noflare
65253,flare
65333,noflare
65410,noflare
65419,flare
65458,flare
65470,flare
65542,flare
65560,flare
65629,flare
65642,noflare
65669,flare
65823,flare
65898,noflare
65910,noflare
65933,noflare
65952,flare
65956,flare
66026,noflare
66141,flare
66252,flare
66284,noflare
66360,noflare
66368,noflare
66424,flare
66471,flare
66524,noflare
66531,noflare
66535,flare
66549,noflare
66561,noflare
66592,noflare
66611,flare
66713,flare
66728,noflare
66732,flare
66925,noflare
66940,noflare
67109,flare
67187,noflare
67224,noflare
67239,noflare
67266,flare
67282,noflare
67369,flare
67393,flare
67463,flare
67526,noflare
67550,flare
67557,noflare
67579,noflare
67613,noflare
67756,flare
67813,noflare
67825,flare
67866,noflare
67913,flare
67915,flare
68039,flare
68058,noflare
68075,noflare
68077,noflare
68102,flare
68104,noflare
68156,flare
68175,noflare
68211,noflare
68225,flare
68237,flare
68256,flare
68274,flare
68276,noflare
68285,flare
68326,noflare
68369,flare
68389,noflare
68550,flare
68563,flare
68602,flare
68610,flare
68655,flare
68691,flare
68710,flare
68718,flare
68746,flare
68912,noflare
68914,flare
69018,flare
69029,flare
69061,flare
69072,noflare
69087,noflare
69121,flare
69143,noflare
69301,flare
69398,noflare
69454,noflare
69468,flare
69471,flare
69493,flare
69533,flare
69552,noflare
69590,noflare
69629,noflare
69647,flare
69697,noflare
69819,flare
69845,noflare
69874,noflare
69884,flare
69892,noflare
69927,noflare
70052,flare
70061,noflare
70072,noflare
70118,flare
70194,flare
70223,flare
70237,flare
70311,flare
70318,flare
70332,flare
70346,noflare
70400,flare
70538,flare
70556,noflare
70558,flare
70716,flare
70779,flare
70840,flare
70841,noflare
70860,flare
70913,noflare
70973,flare
70999,noflare
71052,noflare
71056,noflare
71118,flare
71132,flare
71150,noflare
71161,flare
71227,noflare
71237,flare
71279,noflare
71349,flare
71378,noflare
71386,noflare
71419,noflare
71454,flare
71476,flare
71564,flare
71575,flare
71620,noflare
71624,flare
71648,noflare
71675,noflare
71820,flare
71832,noflare
71876,noflare
71986,flare
72054,flare
72208,flare
72211,flare
72312,noflare
72355,flare
72402,flare
72509,noflare
72570,flare
72636,flare
72637,noflare
72644,flare
72686,flare
72733,noflare
72757,flare
72791,noflare
72827,noflare
72829,flare
72968,noflare
72972,flare
73065,flare
73159,flare
73163,noflare
73178,noflare
73265,flare
73283,flare
73337,noflare
73361,flare
73395,flare
73486,flare
73520,noflare
73544,noflare
73562,noflare
73580,noflare
73639,flare
73643,noflare
73675,flare
73754,noflare
73809,noflare
73841,noflare
73848,flare
73860,flare
73881,flare
73896,noflare
73924,noflare
73932,flare
73942,flare
73950,noflare
73954,noflare
73968,noflare
73998,noflare
74010,flare
74012,noflare
74030,flare
74162,noflare
74167,flare
74211,flare
74267,flare
74348,flare
74354,flare
74362,noflare
74366,flare
74370,flare
74397,noflare
74450,flare
74476,flare
74542,noflare
74615,noflare
74635,noflare
74707,flare
74718,flare
74730,noflare
74762,noflare
74830,flare
74877,flare
74906,flare
74931,noflare
74971,noflare
74972,flare
75020,noflare
75078,flare
75084,flare
75093,flare
75160,noflare
75203,noflare
75241,noflare
75291,flare
75299,flare
75374,flare
75403,flare
75476,flare
75492,noflare
75542,noflare
75555,noflare
75615,noflare
75639,noflare
75643,flare
75721,flare
75725,flare
75753,noflare
75757,noflare
75951,flare
75958,noflare
75989,flare
76032,flare
76091,noflare
76183,noflare
76221,flare
76245,flare
76254,flare
76292,flare
76398,flare
76538,flare
76567,flare
76576,flare
76670,noflare
76688,noflare
76713,flare
76731,noflare
76818,noflare
76829,noflare
76837,noflare
76841,noflare
76861,flare
76995,noflare
77046,flare
77049,noflare
77095,flare
77100,noflare
77164,flare
77218,noflare
77256,flare
77288,flare
77300,flare
77371,noflare
77381,flare
77402,noflare
77429,noflare
77454,flare
77489,noflare
77504,noflare
77544,noflare
77546,flare
77627,noflare
77630,noflare
77651,noflare
77675,noflare
77765,noflare
77787,flare
77799,flare
77805,flare
77825,noflare
77844,flare
77907,noflare
77965,flare
78019,noflare
78029,noflare
78079,flare
78120,flare
78125,flare
78159,flare
78252,noflare
78279,flare
78290,flare
78302,flare
78346,noflare
78347,flare
78380,noflare
78388,noflare
78418,noflare
78554,noflare
78636,noflare
78655,noflare
78717,noflare
78726,flare
78829,flare
78996,noflare
79054,flare
79062,noflare
79120,noflare
79139,noflare
79224,noflare
79376,noflare
79387,noflare
79472,noflare
79552,noflare
79566,flare
79573,noflare
79593,noflare
79621,flare
79647,flare
79694,noflare
79710,flare
79825,flare
79865,flare
79889,flare
79890,noflare
79896,flare
79935,noflare
79946,flare
80067,noflare
80109,noflare
80145,noflare
80181,flare
80200,flare
80263,flare
80275,flare
80296,noflare
80323,flare
80362,flare
80393,noflare
80440,flare
80476,flare
80558,flare
80568,flare
80573,noflare
80584,flare
80590,noflare
80596,noflare
80612,noflare
80632,noflare
80767,flare
80797,noflare
80856,noflare
80866,noflare
80868,flare
80869,flare
80875,flare
80893,noflare
80896,flare
80916,flare
80954,noflare
80993,noflare
81054,flare
81062,flare
81108,noflare
81140,noflare
81151,noflare
81214,noflare
81286,flare
81293,noflare
81310,flare
81372,flare
81387,noflare
81462,noflare
81491,flare
81498,flare
81507,noflare
81512,noflare
81514,flare
81547,noflare
81572,noflare
81623,flare
81629,flare
81687,flare
81695,noflare
81711,noflare
81796,flare
81804,noflare
81828,flare
81882,noflare
81904,flare
81905,flare
82003,noflare
82162,flare
82221,flare
82268,flare
82299,noflare
82324,noflare
82373,noflare
82413,flare
82431,flare
82458,noflare
82468,flare
82482,flare
82550,noflare
82585,noflare
82620,flare
82635,flare
82716,flare
82786,flare
82789,noflare
82846,noflare
82848,flare
82987,flare
83036,noflare
83124,noflare
83137,noflare
83160,noflare
83235,flare
83329,flare
83354,noflare
83396,flare
83414,noflare
83471,noflare
83483,noflare
83490,noflare
83545,flare
83563,noflare
83598,flare
83631,noflare
83751,flare
83864,noflare
83963,flare
84024,flare
84075,flare
84089,noflare
84106,flare
84210,noflare
84240,flare
84241,flare
84274,flare
84300,flare
84407,flare
84433,noflare
84458,noflare
84542,noflare
84594,flare
84673,flare
84711,noflare
84814,flare
84816,flare
84858,noflare
84891,flare
84953,noflare
84963,noflare
85039,flare
85108,flare
85122,flare
85148,noflare
85187,noflare
85247,flare
85276,flare
85348,noflare
85414,noflare
85448,noflare
85508,noflare
85512,noflare
85533,flare
85565,noflare
85589,noflare
85612,flare
85665,noflare
85778,noflare
85821,flare
85828,flare
85876,noflare
85885,noflare
85919,flare
85943,flare
85946,noflare
85981,flare
85986,noflare
86153,flare
86172,flare
86186,flare
86190,noflare
86196,noflare
86344,noflare
86352,noflare
86461,flare
86529,noflare
86616,flare
86747,flare
86834,noflare
86920,noflare
86944,noflare
87009,flare
87053,flare
87153,flare
87291,noflare
87324,flare
87342,noflare
87390,flare
87421,flare
87458,noflare
87475,flare
87544,flare
87635,noflare
87648,flare
87672,noflare
87803,flare
87828,noflare
87868,noflare
87898,flare
87905,noflare
87999,noflare
88073,noflare
88095,flare
88170,flare
88204,noflare
88269,flare
88305,noflare
88306,flare
88332,flare
88416,flare
88429,noflare
88459,noflare
88475,noflare
88477,flare
88496,flare
88530,flare
88573,noflare
88588,flare
88599,noflare
88641,noflare
88675,noflare
88725,flare
88789,flare
88871,flare
88876,flare
88891,noflare
88984,flare
89015,noflare
89041,noflare
89051,flare
89113,noflare
89165,noflare
89176,flare
89194,flare
89210,noflare
89236,noflare
89269,flare
89308,flare
89321,noflare
89344,noflare
89403,noflare
89458,flare
89617,noflare
89637,flare
89643,noflare
89714,noflare
89738,flare
89767,noflare
89784,flare
89792,noflare
89798,flare
89859,noflare
89955,noflare
90032,flare
90041,flare
90046,noflare
90050,noflare
90113,noflare
90141,noflare
90148,noflare
90193,flare
90236,flare
90390,noflare
90471,noflare
90475,flare
90481,noflare
90493,noflare
90495,noflare
90497,flare
90500,noflare
90547,flare
90591,noflare
90687,noflare
90830,flare
90927,noflare
90965,noflare
90984,flare
91033,flare
91080,noflare
91086,flare
91177,noflare
91208,flare
91219,noflare
91275,noflare
91324,noflare
91325,flare
91390,noflare
91403,noflare
91409,flare
91414,noflare
91428,flare
91440,noflare
91509,noflare
91564,noflare
91569,flare
91571,noflare
91611,noflare
91618,noflare
91665,noflare
91680,noflare
91682,noflare
91698,flare
91734,flare
91738,flare
91790,flare
91797,noflare
91859,noflare
91877,noflare
91984,noflare
92077,noflare
92115,flare
92192,flare
92198,noflare
92201,flare
92259,flare
92305,noflare
92309,noflare
92353,noflare
92365,flare
92411,noflare
92416,flare
92436,flare
92475,flare
92480,noflare
92583,noflare
92636,flare
92657,flare
92658,flare
92677,flare
92690,flare
92723,noflare
92724,noflare
92739,flare
92757,noflare
92758,noflare
92804,noflare
92873,noflare
92882,flare
92886,flare
92967,flare
93028,flare
93050,noflare
93105,flare
93109,noflare
93119,noflare
93135,noflare
93164,noflare
93173,noflare
93202,flare
93280,flare
93282,flare
93332,noflare
93358,noflare
93540,flare
93596,noflare
93598,noflare
93604,noflare
93666,noflare
93700,noflare
93759,noflare
93822,noflare
93856,noflare
93885,noflare
93899,flare
93920,noflare
94013,flare
94148,flare
94248,flare
94307,noflare
94366,noflare
94400,noflare
94406,noflare
94472,noflare
94493,flare
94506,noflare
94510,noflare
94591,flare
94602,noflare
94632,flare
94643,flare
94767,noflare
94824,noflare
95035,noflare
95079,noflare
95195,flare
95219,noflare
95221,flare
95222,flare
95236,flare
95251,noflare
95298,flare
95316,flare
95385,flare
95465,noflare
95518,flare
95568,noflare
95604,flare
95605,noflare
95612,flare
95635,noflare
95713,flare
95732,flare
95840,noflare
95905,noflare
96027,flare
96069,flare
96073,noflare
96074,noflare
96136,flare
96163,noflare
96191,flare
96223,noflare
96285,flare
96320,noflare
96406,noflare
96444,noflare
96516,flare
96557,noflare
96623,noflare
96677,noflare
96756,noflare
96773,noflare
96804,noflare
96947,noflare
96982,flare
97018,flare
97126,flare
97150,noflare
97155,flare
97269,flare
97419,noflare
97447,noflare
97485,noflare
97528,noflare
97544,flare
97630,flare
97648,flare
97666,noflare
97722,flare
97740,flare
97749,noflare
97750,flare
97780,noflare
97794,flare
97833,noflare
97861,noflare
97899,noflare
97957,flare
98014,flare
98170,flare
98200,noflare
98232,noflare
98289,flare
98345,noflare
98371,flare
98414,flare
98488,noflare
98606,noflare
98619,noflare
98637,flare
98773,noflare
98850,flare
98898,flare
98902,flare
98977,noflare
99042,noflare
99093,flare
99190,flare
99230,flare
99260,flare
99291,flare
99330,noflare
99378,flare
99471,flare
99578,noflare
99613,flare
99677,flare
99696,noflare
99719,noflare
99855,noflare
99859,flare
99887,noflare
99968,flare
99985,noflare
